"REF_DATE","GEO","DGUID","Type of grain","UOM","UOM_ID","SCALAR_FACTOR","SCALAR_ID","VECTOR","COORDINATE","VALUE","STATUS","SYMBOL","TERMINATED","DECIMALS"
"2015-02","Canada","2016A000011124","All grains, total","Tonnes","288","units","0","v32861680","7.1","4185385","","","","0"
"2015-03","Canada","2016A000011124","All grains, total","Tonnes","288","units","0","v32861680","7.1","4739751","","","","0"
"2015-04","Canada","2016A000011124","All grains, total","Tonnes","288","units","0","v32861680","7.1","3991464","","","","0"
"2015-05","Canada","2016A000011124","All grains, total","Tonnes","288","units","0","v32861680","7.1","3596704","","","","0"
"2015-06","Canada","2016A000011124","All grains, total","Tonnes","288","units","0","v32861680","7.1","4309998","","","","0"
"2015-07","Canada","2016A000011124","All grains, total","Tonnes","288","units","0","v32861680","7.1","4451737","","","","0"
"2015-08","Canada","2016A000011124","All grains, total","Tonnes","288","units","0","v32861680","7.1","3508190","","","","0"
"2015-09","Canada","2016A000011124","All grains, total","Tonnes","288","units","0","v32861680","7.1","5773473","","","","0"
"2015-10","Canada","2016A000011124","All grains, total","Tonnes","288","units","0","v32861680","7.1","4211317","","","","0"
"2015-11","Canada","2016A000011124","All grains, total","Tonnes","288","units","0","v32861680","7.1","4280910","","","","0"
"2015-12","Canada","2016A000011124","All grains, total","Tonnes","288","units","0","v32861680","7.1","4935911","","","","0"
"2016-01","Canada","2016A000011124","All grains, total","Tonnes","288","units","0","v32861680","7.1","4118696","","","","0"
"2016-02","Canada","2016A000011124","All grains, total","Tonnes","288","units","0","v32861680","7.1","4073474","","","","0"
"2016-03","Canada","2016A000011124","All grains, total","Tonnes","288","units","0","v32861680","7.1","4849055","","","","0"
"2016-04","Canada","2016A000011124","All grains, total","Tonnes","288","units","0","v32861680","7.1","3450702","","","","0"
"2016-05","Canada","2016A000011124","All grains, total","Tonnes","288","units","0","v32861680","7.1","2800245","","","","0"
"2016-06","Canada","2016A000011124","All grains, total","Tonnes","288","units","0","v32861680","7.1","4457924","","","","0"
"2016-07","Canada","2016A000011124","All grains, total","Tonnes","288","units","0","v32861680","7.1","3985604","","","","0"
"2016-08","Canada","2016A000011124","All grains, total","Tonnes","288","units","0","v32861680","7.1","3865528","","","","0"
"2016-09","Canada","2016A000011124","All grains, total","Tonnes","288","units","0","v32861680","7.1","5298781","","","","0"
"2016-10","Canada","2016A000011124","All grains, total","Tonnes","288","units","0","v32861680","7.1","4022717","","","","0"
"2016-11","Canada","2016A000011124","All grains, total","Tonnes","288","units","0","v32861680","7.1","5710445","","","","0"
"2016-12","Canada","2016A000011124","All grains, total","Tonnes","288","units","0","v32861680","7.1","3890452","","","","0"
"2017-01","Canada","2016A000011124","All grains, total","Tonnes","288","units","0","v32861680","7.1","4270284","","","","0"
"2017-02","Canada","2016A000011124","All grains, total","Tonnes","288","units","0","v32861680","7.1","3858639","","","","0"
"2017-03","Canada","2016A000011124","All grains, total","Tonnes","288","units","0","v32861680","7.1","5110914","","","","0"
"2017-04","Canada","2016A000011124","All grains, total","Tonnes","288","units","0","v32861680","7.1","3877512","","","","0"
"2017-05","Canada","2016A000011124","All grains, total","Tonnes","288","units","0","v32861680","7.1","2909464","","","","0"
"2017-06","Canada","2016A000011124","All grains, total","Tonnes","288","units","0","v32861680","7.1","5871125","","","","0"
"2017-07","Canada","2016A000011124","All grains, total","Tonnes","288","units","0","v32861680","7.1","4148873","","","","0"
"2017-08","Canada","2016A000011124","All grains, total","Tonnes","288","units","0","v32861680","7.1","4460315","","","","0"
"2017-09","Canada","2016A000011124","All grains, total","Tonnes","288","units","0","v32861680","7.1","5249812","","","","0"
"2017-10","Canada","2016A000011124","All grains, total","Tonnes","288","units","0","v32861680","7.1","4162523","","","","0"
"2017-11","Canada","2016A000011124","All grains, total","Tonnes","288","units","0","v32861680","7.1","5407644","","","","0"
"2017-12","Canada","2016A000011124","All grains, total","Tonnes","288","units","0","v32861680","7.1","3696222","","","","0"
"2018-01","Canada","2016A000011124","All grains, total","Tonnes","288","units","0","v32861680","7.1","4977137","","","","0"
"2018-02","Canada","2016A000011124","All grains, total","Tonnes","288","units","0","v32861680","7.1","3564363","","","","0"
"2018-03","Canada","2016A000011124","All grains, total","Tonnes","288","units","0","v32861680","7.1","4065090","","","","0"
"2018-04","Canada","2016A000011124","All grains, total","Tonnes","288","units","0","v32861680","7.1","3792480","","","","0"
"2018-05","Canada","2016A000011124","All grains, total","Tonnes","288","units","0","v32861680","7.1","3917394","","","","0"
"2018-06","Canada","2016A000011124","All grains, total","Tonnes","288","units","0","v32861680","7.1","4493105","","","","0"
"2018-07","Canada","2016A000011124","All grains, total","Tonnes","288","units","0","v32861680","7.1","4195534","","","","0"
"2018-08","Canada","2016A000011124","All grains, total","Tonnes","288","units","0","v32861680","7.1","4831208","","","","0"
"2018-09","Canada","2016A000011124","All grains, total","Tonnes","288","units","0","v32861680","7.1","4797764","","","","0"
"2018-10","Canada","2016A000011124","All grains, total","Tonnes","288","units","0","v32861680","7.1","4825356","","","","0"
"2018-11","Canada","2016A000011124","All grains, total","Tonnes","288","units","0","v32861680","7.1","5510060","","","","0"
"2018-12","Canada","2016A000011124","All grains, total","Tonnes","288","units","0","v32861680","7.1","4200377","","","","0"
"2019-01","Canada","2016A000011124","All grains, total","Tonnes","288","units","0","v32861680","7.1","5113449","","","","0"
"2019-02","Canada","2016A000011124","All grains, total","Tonnes","288","units","0","v32861680","7.1","3855199","","","","0"
"2019-03","Canada","2016A000011124","All grains, total","Tonnes","288","units","0","v32861680","7.1","4062184","","","","0"
"2019-04","Canada","2016A000011124","All grains, total","Tonnes","288","units","0","v32861680","7.1","4110968","","","","0"
"2019-05","Canada","2016A000011124","All grains, total","Tonnes","288","units","0","v32861680","7.1","4502642","","","","0"
"2019-06","Canada","2016A000011124","All grains, total","Tonnes","288","units","0","v32861680","7.1","4023298","","","","0"
"2019-07","Canada","2016A000011124","All grains, total","Tonnes","288","units","0","v32861680","7.1","3974769","","","","0"
"2019-08","Canada","2016A000011124","All grains, total","Tonnes","288","units","0","v32861680","7.1","3665812","","","","0"
"2019-09","Canada","2016A000011124","All grains, total","Tonnes","288","units","0","v32861680","7.1","4571036","","","","0"
"2019-10","Canada","2016A000011124","All grains, total","Tonnes","288","units","0","v32861680","7.1","6819004","","","","0"
"2019-11","Canada","2016A000011124","All grains, total","Tonnes","288","units","0","v32861680","7.1","4634760","","","","0"
"2019-12","Canada","2016A000011124","All grains, total","Tonnes","288","units","0","v32861680","7.1","5428464","","","","0"
"2020-01","Canada","2016A000011124","All grains, total","Tonnes","288","units","0","v32861680","7.1","4247239","","","","0"
"2020-02","Canada","2016A000011124","All grains, total","Tonnes","288","units","0","v32861680","7.1","4021026","","","","0"
"2015-02","Canada","2016A000011124","Wheat, total","Tonnes","288","units","0","v32861681","7.2","2427511","","","","0"
"2015-03","Canada","2016A000011124","Wheat, total","Tonnes","288","units","0","v32861681","7.2","2309818","","","","0"
"2015-04","Canada","2016A000011124","Wheat, total","Tonnes","288","units","0","v32861681","7.2","2162058","","","","0"
"2015-05","Canada","2016A000011124","Wheat, total","Tonnes","288","units","0","v32861681","7.2","2032364","","","","0"
"2015-06","Canada","2016A000011124","Wheat, total","Tonnes","288","units","0","v32861681","7.2","2415357","","","","0"
"2015-07","Canada","2016A000011124","Wheat, total","Tonnes","288","units","0","v32861681","7.2","2431691","","","","0"
"2015-08","Canada","2016A000011124","Wheat, total","Tonnes","288","units","0","v32861681","7.2","2135768","","","","0"
"2015-09","Canada","2016A000011124","Wheat, total","Tonnes","288","units","0","v32861681","7.2","2854653","","","","0"
"2015-10","Canada","2016A000011124","Wheat, total","Tonnes","288","units","0","v32861681","7.2","1974924","","","","0"
"2015-11","Canada","2016A000011124","Wheat, total","Tonnes","288","units","0","v32861681","7.2","2303643","","","","0"
"2015-12","Canada","2016A000011124","Wheat, total","Tonnes","288","units","0","v32861681","7.2","2602948","","","","0"
"2016-01","Canada","2016A000011124","Wheat, total","Tonnes","288","units","0","v32861681","7.2","2191800","","","","0"
"2016-02","Canada","2016A000011124","Wheat, total","Tonnes","288","units","0","v32861681","7.2","1962137","","","","0"
"2016-03","Canada","2016A000011124","Wheat, total","Tonnes","288","units","0","v32861681","7.2","2495134","","","","0"
"2016-04","Canada","2016A000011124","Wheat, total","Tonnes","288","units","0","v32861681","7.2","1495713","","","","0"
"2016-05","Canada","2016A000011124","Wheat, total","Tonnes","288","units","0","v32861681","7.2","1203650","","","","0"
"2016-06","Canada","2016A000011124","Wheat, total","Tonnes","288","units","0","v32861681","7.2","2304852","","","","0"
"2016-07","Canada","2016A000011124","Wheat, total","Tonnes","288","units","0","v32861681","7.2","2127209","","","","0"
"2016-08","Canada","2016A000011124","Wheat, total","Tonnes","288","units","0","v32861681","7.2","2116619","","","","0"
"2016-09","Canada","2016A000011124","Wheat, total","Tonnes","288","units","0","v32861681","7.2","2357497","","","","0"
"2016-10","Canada","2016A000011124","Wheat, total","Tonnes","288","units","0","v32861681","7.2","1878587","","","","0"
"2016-11","Canada","2016A000011124","Wheat, total","Tonnes","288","units","0","v32861681","7.2","2671565","","","","0"
"2016-12","Canada","2016A000011124","Wheat, total","Tonnes","288","units","0","v32861681","7.2","1797174","","","","0"
"2017-01","Canada","2016A000011124","Wheat, total","Tonnes","288","units","0","v32861681","7.2","2009980","","","","0"
"2017-02","Canada","2016A000011124","Wheat, total","Tonnes","288","units","0","v32861681","7.2","1836546","","","","0"
"2017-03","Canada","2016A000011124","Wheat, total","Tonnes","288","units","0","v32861681","7.2","2662476","","","","0"
"2017-04","Canada","2016A000011124","Wheat, total","Tonnes","288","units","0","v32861681","7.2","1892679","","","","0"
"2017-05","Canada","2016A000011124","Wheat, total","Tonnes","288","units","0","v32861681","7.2","1521784","","","","0"
"2017-06","Canada","2016A000011124","Wheat, total","Tonnes","288","units","0","v32861681","7.2","3412479","","","","0"
"2017-07","Canada","2016A000011124","Wheat, total","Tonnes","288","units","0","v32861681","7.2","2356157","","","","0"
"2017-08","Canada","2016A000011124","Wheat, total","Tonnes","288","units","0","v32861681","7.2","2689678","","","","0"
"2017-09","Canada","2016A000011124","Wheat, total","Tonnes","288","units","0","v32861681","7.2","2130351","","","","0"
"2017-10","Canada","2016A000011124","Wheat, total","Tonnes","288","units","0","v32861681","7.2","1778209","","","","0"
"2017-11","Canada","2016A000011124","Wheat, total","Tonnes","288","units","0","v32861681","7.2","2633434","","","","0"
"2017-12","Canada","2016A000011124","Wheat, total","Tonnes","288","units","0","v32861681","7.2","1610425","","","","0"
"2018-01","Canada","2016A000011124","Wheat, total","Tonnes","288","units","0","v32861681","7.2","2491392","","","","0"
"2018-02","Canada","2016A000011124","Wheat, total","Tonnes","288","units","0","v32861681","7.2","1737028","","","","0"
"2018-03","Canada","2016A000011124","Wheat, total","Tonnes","288","units","0","v32861681","7.2","1905564","","","","0"
"2018-04","Canada","2016A000011124","Wheat, total","Tonnes","288","units","0","v32861681","7.2","1778419","","","","0"
"2018-05","Canada","2016A000011124","Wheat, total","Tonnes","288","units","0","v32861681","7.2","1998713","","","","0"
"2018-06","Canada","2016A000011124","Wheat, total","Tonnes","288","units","0","v32861681","7.2","2383347","","","","0"
"2018-07","Canada","2016A000011124","Wheat, total","Tonnes","288","units","0","v32861681","7.2","2597556","","","","0"
"2018-08","Canada","2016A000011124","Wheat, total","Tonnes","288","units","0","v32861681","7.2","2968480","","","","0"
"2018-09","Canada","2016A000011124","Wheat, total","Tonnes","288","units","0","v32861681","7.2","2339764","","","","0"
"2018-10","Canada","2016A000011124","Wheat, total","Tonnes","288","units","0","v32861681","7.2","2025087","","","","0"
"2018-11","Canada","2016A000011124","Wheat, total","Tonnes","288","units","0","v32861681","7.2","2831730","","","","0"
"2018-12","Canada","2016A000011124","Wheat, total","Tonnes","288","units","0","v32861681","7.2","2291592","","","","0"
"2019-01","Canada","2016A000011124","Wheat, total","Tonnes","288","units","0","v32861681","7.2","2586523","","","","0"
"2019-02","Canada","2016A000011124","Wheat, total","Tonnes","288","units","0","v32861681","7.2","1991051","","","","0"
"2019-03","Canada","2016A000011124","Wheat, total","Tonnes","288","units","0","v32861681","7.2","2333110","","","","0"
"2019-04","Canada","2016A000011124","Wheat, total","Tonnes","288","units","0","v32861681","7.2","2254795","","","","0"
"2019-05","Canada","2016A000011124","Wheat, total","Tonnes","288","units","0","v32861681","7.2","2420156","","","","0"
"2019-06","Canada","2016A000011124","Wheat, total","Tonnes","288","units","0","v32861681","7.2","2153203","","","","0"
"2019-07","Canada","2016A000011124","Wheat, total","Tonnes","288","units","0","v32861681","7.2","1990954","","","","0"
"2019-08","Canada","2016A000011124","Wheat, total","Tonnes","288","units","0","v32861681","7.2","1835163","","","","0"
"2019-09","Canada","2016A000011124","Wheat, total","Tonnes","288","units","0","v32861681","7.2","2448911","","","","0"
"2019-10","Canada","2016A000011124","Wheat, total","Tonnes","288","units","0","v32861681","7.2","3104005","","","","0"
"2019-11","Canada","2016A000011124","Wheat, total","Tonnes","288","units","0","v32861681","7.2","2387456","","","","0"
"2019-12","Canada","2016A000011124","Wheat, total","Tonnes","288","units","0","v32861681","7.2","2571925","","","","0"
"2020-01","Canada","2016A000011124","Wheat, total","Tonnes","288","units","0","v32861681","7.2","2061194","","","","0"
"2020-02","Canada","2016A000011124","Wheat, total","Tonnes","288","units","0","v32861681","7.2","1991924","","","","0"
"2015-02","Canada","2016A000011124","Wheat, excluding durum","Tonnes","288","units","0","v32861682","7.3","1832318","","","","0"
"2015-03","Canada","2016A000011124","Wheat, excluding durum","Tonnes","288","units","0","v32861682","7.3","1946106","","","","0"
"2015-04","Canada","2016A000011124","Wheat, excluding durum","Tonnes","288","units","0","v32861682","7.3","1881165","","","","0"
"2015-05","Canada","2016A000011124","Wheat, excluding durum","Tonnes","288","units","0","v32861682","7.3","1825243","","","","0"
"2015-06","Canada","2016A000011124","Wheat, excluding durum","Tonnes","288","units","0","v32861682","7.3","2210548","","","","0"
"2015-07","Canada","2016A000011124","Wheat, excluding durum","Tonnes","288","units","0","v32861682","7.3","2188503","","","","0"
"2015-08","Canada","2016A000011124","Wheat, excluding durum","Tonnes","288","units","0","v32861682","7.3","1913112","","","","0"
"2015-09","Canada","2016A000011124","Wheat, excluding durum","Tonnes","288","units","0","v32861682","7.3","2319521","","","","0"
"2015-10","Canada","2016A000011124","Wheat, excluding durum","Tonnes","288","units","0","v32861682","7.3","1510167","","","","0"
"2015-11","Canada","2016A000011124","Wheat, excluding durum","Tonnes","288","units","0","v32861682","7.3","1780814","","","","0"
"2015-12","Canada","2016A000011124","Wheat, excluding durum","Tonnes","288","units","0","v32861682","7.3","1989546","","","","0"
"2016-01","Canada","2016A000011124","Wheat, excluding durum","Tonnes","288","units","0","v32861682","7.3","1663838","","","","0"
"2016-02","Canada","2016A000011124","Wheat, excluding durum","Tonnes","288","units","0","v32861682","7.3","1580019","","","","0"
"2016-03","Canada","2016A000011124","Wheat, excluding durum","Tonnes","288","units","0","v32861682","7.3","2078356","","","","0"
"2016-04","Canada","2016A000011124","Wheat, excluding durum","Tonnes","288","units","0","v32861682","7.3","1276595","","","","0"
"2016-05","Canada","2016A000011124","Wheat, excluding durum","Tonnes","288","units","0","v32861682","7.3","994018","","","","0"
"2016-06","Canada","2016A000011124","Wheat, excluding durum","Tonnes","288","units","0","v32861682","7.3","1980752","","","","0"
"2016-07","Canada","2016A000011124","Wheat, excluding durum","Tonnes","288","units","0","v32861682","7.3","1860174","","","","0"
"2016-08","Canada","2016A000011124","Wheat, excluding durum","Tonnes","288","units","0","v32861682","7.3","1877299","","","","0"
"2016-09","Canada","2016A000011124","Wheat, excluding durum","Tonnes","288","units","0","v32861682","7.3","2020470","","","","0"
"2016-10","Canada","2016A000011124","Wheat, excluding durum","Tonnes","288","units","0","v32861682","7.3","1447293","","","","0"
"2016-11","Canada","2016A000011124","Wheat, excluding durum","Tonnes","288","units","0","v32861682","7.3","1946759","","","","0"
"2016-12","Canada","2016A000011124","Wheat, excluding durum","Tonnes","288","units","0","v32861682","7.3","1358910","","","","0"
"2017-01","Canada","2016A000011124","Wheat, excluding durum","Tonnes","288","units","0","v32861682","7.3","1554673","","","","0"
"2017-02","Canada","2016A000011124","Wheat, excluding durum","Tonnes","288","units","0","v32861682","7.3","1503065","","","","0"
"2017-03","Canada","2016A000011124","Wheat, excluding durum","Tonnes","288","units","0","v32861682","7.3","2116602","","","","0"
"2017-04","Canada","2016A000011124","Wheat, excluding durum","Tonnes","288","units","0","v32861682","7.3","1442279","","","","0"
"2017-05","Canada","2016A000011124","Wheat, excluding durum","Tonnes","288","units","0","v32861682","7.3","1217228","","","","0"
"2017-06","Canada","2016A000011124","Wheat, excluding durum","Tonnes","288","units","0","v32861682","7.3","2708599","","","","0"
"2017-07","Canada","2016A000011124","Wheat, excluding durum","Tonnes","288","units","0","v32861682","7.3","1948340","","","","0"
"2017-08","Canada","2016A000011124","Wheat, excluding durum","Tonnes","288","units","0","v32861682","7.3","2310124","","","","0"
"2017-09","Canada","2016A000011124","Wheat, excluding durum","Tonnes","288","units","0","v32861682","7.3","1875739","","","","0"
"2017-10","Canada","2016A000011124","Wheat, excluding durum","Tonnes","288","units","0","v32861682","7.3","1476955","","","","0"
"2017-11","Canada","2016A000011124","Wheat, excluding durum","Tonnes","288","units","0","v32861682","7.3","2140246","","","","0"
"2017-12","Canada","2016A000011124","Wheat, excluding durum","Tonnes","288","units","0","v32861682","7.3","1294980","","","","0"
"2018-01","Canada","2016A000011124","Wheat, excluding durum","Tonnes","288","units","0","v32861682","7.3","1930054","","","","0"
"2018-02","Canada","2016A000011124","Wheat, excluding durum","Tonnes","288","units","0","v32861682","7.3","1461744","","","","0"
"2018-03","Canada","2016A000011124","Wheat, excluding durum","Tonnes","288","units","0","v32861682","7.3","1572472","","","","0"
"2018-04","Canada","2016A000011124","Wheat, excluding durum","Tonnes","288","units","0","v32861682","7.3","1542045","","","","0"
"2018-05","Canada","2016A000011124","Wheat, excluding durum","Tonnes","288","units","0","v32861682","7.3","1753432","","","","0"
"2018-06","Canada","2016A000011124","Wheat, excluding durum","Tonnes","288","units","0","v32861682","7.3","1892737","","","","0"
"2018-07","Canada","2016A000011124","Wheat, excluding durum","Tonnes","288","units","0","v32861682","7.3","2109956","","","","0"
"2018-08","Canada","2016A000011124","Wheat, excluding durum","Tonnes","288","units","0","v32861682","7.3","2572561","","","","0"
"2018-09","Canada","2016A000011124","Wheat, excluding durum","Tonnes","288","units","0","v32861682","7.3","2061815","","","","0"
"2018-10","Canada","2016A000011124","Wheat, excluding durum","Tonnes","288","units","0","v32861682","7.3","1762818","","","","0"
"2018-11","Canada","2016A000011124","Wheat, excluding durum","Tonnes","288","units","0","v32861682","7.3","2388915","","","","0"
"2018-12","Canada","2016A000011124","Wheat, excluding durum","Tonnes","288","units","0","v32861682","7.3","2021692","","","","0"
"2019-01","Canada","2016A000011124","Wheat, excluding durum","Tonnes","288","units","0","v32861682","7.3","2123532","","","","0"
"2019-02","Canada","2016A000011124","Wheat, excluding durum","Tonnes","288","units","0","v32861682","7.3","1525248","","","","0"
"2019-03","Canada","2016A000011124","Wheat, excluding durum","Tonnes","288","units","0","v32861682","7.3","1861710","","","","0"
"2019-04","Canada","2016A000011124","Wheat, excluding durum","Tonnes","288","units","0","v32861682","7.3","1803295","","","","0"
"2019-05","Canada","2016A000011124","Wheat, excluding durum","Tonnes","288","units","0","v32861682","7.3","1973961","","","","0"
"2019-06","Canada","2016A000011124","Wheat, excluding durum","Tonnes","288","units","0","v32861682","7.3","1693603","","","","0"
"2019-07","Canada","2016A000011124","Wheat, excluding durum","Tonnes","288","units","0","v32861682","7.3","1489565","","","","0"
"2019-08","Canada","2016A000011124","Wheat, excluding durum","Tonnes","288","units","0","v32861682","7.3","1590942","","","","0"
"2019-09","Canada","2016A000011124","Wheat, excluding durum","Tonnes","288","units","0","v32861682","7.3","2057549","","","","0"
"2019-10","Canada","2016A000011124","Wheat, excluding durum","Tonnes","288","units","0","v32861682","7.3","2525657","","","","0"
"2019-11","Canada","2016A000011124","Wheat, excluding durum","Tonnes","288","units","0","v32861682","7.3","1833794","","","","0"
"2019-12","Canada","2016A000011124","Wheat, excluding durum","Tonnes","288","units","0","v32861682","7.3","2128725","","","","0"
"2020-01","Canada","2016A000011124","Wheat, excluding durum","Tonnes","288","units","0","v32861682","7.3","1763568","","","","0"
"2020-02","Canada","2016A000011124","Wheat, excluding durum","Tonnes","288","units","0","v32861682","7.3","1621283","","","","0"
"2015-02","Canada","2016A000011124","Durum wheat","Tonnes","288","units","0","v32861683","7.4","595193","","","","0"
"2015-03","Canada","2016A000011124","Durum wheat","Tonnes","288","units","0","v32861683","7.4","363712","","","","0"
"2015-04","Canada","2016A000011124","Durum wheat","Tonnes","288","units","0","v32861683","7.4","280893","","","","0"
"2015-05","Canada","2016A000011124","Durum wheat","Tonnes","288","units","0","v32861683","7.4","207121","","","","0"
"2015-06","Canada","2016A000011124","Durum wheat","Tonnes","288","units","0","v32861683","7.4","204809","","","","0"
"2015-07","Canada","2016A000011124","Durum wheat","Tonnes","288","units","0","v32861683","7.4","243188","","","","0"
"2015-08","Canada","2016A000011124","Durum wheat","Tonnes","288","units","0","v32861683","7.4","222656","","","","0"
"2015-09","Canada","2016A000011124","Durum wheat","Tonnes","288","units","0","v32861683","7.4","535132","","","","0"
"2015-10","Canada","2016A000011124","Durum wheat","Tonnes","288","units","0","v32861683","7.4","464757","","","","0"
"2015-11","Canada","2016A000011124","Durum wheat","Tonnes","288","units","0","v32861683","7.4","522829","","","","0"
"2015-12","Canada","2016A000011124","Durum wheat","Tonnes","288","units","0","v32861683","7.4","613402","","","","0"
"2016-01","Canada","2016A000011124","Durum wheat","Tonnes","288","units","0","v32861683","7.4","527962","","","","0"
"2016-02","Canada","2016A000011124","Durum wheat","Tonnes","288","units","0","v32861683","7.4","382118","","","","0"
"2016-03","Canada","2016A000011124","Durum wheat","Tonnes","288","units","0","v32861683","7.4","416778","","","","0"
"2016-04","Canada","2016A000011124","Durum wheat","Tonnes","288","units","0","v32861683","7.4","219118","","","","0"
"2016-05","Canada","2016A000011124","Durum wheat","Tonnes","288","units","0","v32861683","7.4","209632","","","","0"
"2016-06","Canada","2016A000011124","Durum wheat","Tonnes","288","units","0","v32861683","7.4","324100","","","","0"
"2016-07","Canada","2016A000011124","Durum wheat","Tonnes","288","units","0","v32861683","7.4","267035","","","","0"
"2016-08","Canada","2016A000011124","Durum wheat","Tonnes","288","units","0","v32861683","7.4","239320","","","","0"
"2016-09","Canada","2016A000011124","Durum wheat","Tonnes","288","units","0","v32861683","7.4","337027","","","","0"
"2016-10","Canada","2016A000011124","Durum wheat","Tonnes","288","units","0","v32861683","7.4","431294","","","","0"
"2016-11","Canada","2016A000011124","Durum wheat","Tonnes","288","units","0","v32861683","7.4","724806","","","","0"
"2016-12","Canada","2016A000011124","Durum wheat","Tonnes","288","units","0","v32861683","7.4","438264","","","","0"
"2017-01","Canada","2016A000011124","Durum wheat","Tonnes","288","units","0","v32861683","7.4","455307","","","","0"
"2017-02","Canada","2016A000011124","Durum wheat","Tonnes","288","units","0","v32861683","7.4","333481","","","","0"
"2017-03","Canada","2016A000011124","Durum wheat","Tonnes","288","units","0","v32861683","7.4","545874","","","","0"
"2017-04","Canada","2016A000011124","Durum wheat","Tonnes","288","units","0","v32861683","7.4","450400","","","","0"
"2017-05","Canada","2016A000011124","Durum wheat","Tonnes","288","units","0","v32861683","7.4","304556","","","","0"
"2017-06","Canada","2016A000011124","Durum wheat","Tonnes","288","units","0","v32861683","7.4","703880","","","","0"
"2017-07","Canada","2016A000011124","Durum wheat","Tonnes","288","units","0","v32861683","7.4","407817","","","","0"
"2017-08","Canada","2016A000011124","Durum wheat","Tonnes","288","units","0","v32861683","7.4","379554","","","","0"
"2017-09","Canada","2016A000011124","Durum wheat","Tonnes","288","units","0","v32861683","7.4","254612","","","","0"
"2017-10","Canada","2016A000011124","Durum wheat","Tonnes","288","units","0","v32861683","7.4","301254","","","","0"
"2017-11","Canada","2016A000011124","Durum wheat","Tonnes","288","units","0","v32861683","7.4","493188","","","","0"
"2017-12","Canada","2016A000011124","Durum wheat","Tonnes","288","units","0","v32861683","7.4","315445","","","","0"
"2018-01","Canada","2016A000011124","Durum wheat","Tonnes","288","units","0","v32861683","7.4","561338","","","","0"
"2018-02","Canada","2016A000011124","Durum wheat","Tonnes","288","units","0","v32861683","7.4","275284","","","","0"
"2018-03","Canada","2016A000011124","Durum wheat","Tonnes","288","units","0","v32861683","7.4","333092","","","","0"
"2018-04","Canada","2016A000011124","Durum wheat","Tonnes","288","units","0","v32861683","7.4","236374","","","","0"
"2018-05","Canada","2016A000011124","Durum wheat","Tonnes","288","units","0","v32861683","7.4","245281","","","","0"
"2018-06","Canada","2016A000011124","Durum wheat","Tonnes","288","units","0","v32861683","7.4","490610","","","","0"
"2018-07","Canada","2016A000011124","Durum wheat","Tonnes","288","units","0","v32861683","7.4","487600","","","","0"
"2018-08","Canada","2016A000011124","Durum wheat","Tonnes","288","units","0","v32861683","7.4","395919","","","","0"
"2018-09","Canada","2016A000011124","Durum wheat","Tonnes","288","units","0","v32861683","7.4","277949","","","","0"
"2018-10","Canada","2016A000011124","Durum wheat","Tonnes","288","units","0","v32861683","7.4","262269","","","","0"
"2018-11","Canada","2016A000011124","Durum wheat","Tonnes","288","units","0","v32861683","7.4","442815","","","","0"
"2018-12","Canada","2016A000011124","Durum wheat","Tonnes","288","units","0","v32861683","7.4","269900","","","","0"
"2019-01","Canada","2016A000011124","Durum wheat","Tonnes","288","units","0","v32861683","7.4","462991","","","","0"
"2019-02","Canada","2016A000011124","Durum wheat","Tonnes","288","units","0","v32861683","7.4","465803","","","","0"
"2019-03","Canada","2016A000011124","Durum wheat","Tonnes","288","units","0","v32861683","7.4","471400","","","","0"
"2019-04","Canada","2016A000011124","Durum wheat","Tonnes","288","units","0","v32861683","7.4","451500","","","","0"
"2019-05","Canada","2016A000011124","Durum wheat","Tonnes","288","units","0","v32861683","7.4","446195","","","","0"
"2019-06","Canada","2016A000011124","Durum wheat","Tonnes","288","units","0","v32861683","7.4","459600","","","","0"
"2019-07","Canada","2016A000011124","Durum wheat","Tonnes","288","units","0","v32861683","7.4","501389","","","","0"
"2019-08","Canada","2016A000011124","Durum wheat","Tonnes","288","units","0","v32861683","7.4","244220","","","","0"
"2019-09","Canada","2016A000011124","Durum wheat","Tonnes","288","units","0","v32861683","7.4","391362","","","","0"
"2019-10","Canada","2016A000011124","Durum wheat","Tonnes","288","units","0","v32861683","7.4","578348","","","","0"
"2019-11","Canada","2016A000011124","Durum wheat","Tonnes","288","units","0","v32861683","7.4","553662","","","","0"
"2019-12","Canada","2016A000011124","Durum wheat","Tonnes","288","units","0","v32861683","7.4","443200","","","","0"
"2020-01","Canada","2016A000011124","Durum wheat","Tonnes","288","units","0","v32861683","7.4","297626","","","","0"
"2020-02","Canada","2016A000011124","Durum wheat","Tonnes","288","units","0","v32861683","7.4","370641","","","","0"
"2015-02","Canada","2016A000011124","Oats","Tonnes","288","units","0","v32861684","7.5","178726","","","","0"
"2015-03","Canada","2016A000011124","Oats","Tonnes","288","units","0","v32861684","7.5","263045","","","","0"
"2015-04","Canada","2016A000011124","Oats","Tonnes","288","units","0","v32861684","7.5","202806","","","","0"
"2015-05","Canada","2016A000011124","Oats","Tonnes","288","units","0","v32861684","7.5","108677","","","","0"
"2015-06","Canada","2016A000011124","Oats","Tonnes","288","units","0","v32861684","7.5","176443","","","","0"
"2015-07","Canada","2016A000011124","Oats","Tonnes","288","units","0","v32861684","7.5","181534","","","","0"
"2015-08","Canada","2016A000011124","Oats","Tonnes","288","units","0","v32861684","7.5","249642","","","","0"
"2015-09","Canada","2016A000011124","Oats","Tonnes","288","units","0","v32861684","7.5","387464","","","","0"
"2015-10","Canada","2016A000011124","Oats","Tonnes","288","units","0","v32861684","7.5","237040","","","","0"
"2015-11","Canada","2016A000011124","Oats","Tonnes","288","units","0","v32861684","7.5","251724","","","","0"
"2015-12","Canada","2016A000011124","Oats","Tonnes","288","units","0","v32861684","7.5","255382","","","","0"
"2016-01","Canada","2016A000011124","Oats","Tonnes","288","units","0","v32861684","7.5","200806","","","","0"
"2016-02","Canada","2016A000011124","Oats","Tonnes","288","units","0","v32861684","7.5","195389","","","","0"
"2016-03","Canada","2016A000011124","Oats","Tonnes","288","units","0","v32861684","7.5","203023","","","","0"
"2016-04","Canada","2016A000011124","Oats","Tonnes","288","units","0","v32861684","7.5","142620","","","","0"
"2016-05","Canada","2016A000011124","Oats","Tonnes","288","units","0","v32861684","7.5","128355","","","","0"
"2016-06","Canada","2016A000011124","Oats","Tonnes","288","units","0","v32861684","7.5","204310","","","","0"
"2016-07","Canada","2016A000011124","Oats","Tonnes","288","units","0","v32861684","7.5","150173","","","","0"
"2016-08","Canada","2016A000011124","Oats","Tonnes","288","units","0","v32861684","7.5","326783","","","","0"
"2016-09","Canada","2016A000011124","Oats","Tonnes","288","units","0","v32861684","7.5","319111","","","","0"
"2016-10","Canada","2016A000011124","Oats","Tonnes","288","units","0","v32861684","7.5","188140","","","","0"
"2016-11","Canada","2016A000011124","Oats","Tonnes","288","units","0","v32861684","7.5","344064","","","","0"
"2016-12","Canada","2016A000011124","Oats","Tonnes","288","units","0","v32861684","7.5","200215","","","","0"
"2017-01","Canada","2016A000011124","Oats","Tonnes","288","units","0","v32861684","7.5","206127","","","","0"
"2017-02","Canada","2016A000011124","Oats","Tonnes","288","units","0","v32861684","7.5","172695","","","","0"
"2017-03","Canada","2016A000011124","Oats","Tonnes","288","units","0","v32861684","7.5","220028","","","","0"
"2017-04","Canada","2016A000011124","Oats","Tonnes","288","units","0","v32861684","7.5","129480","","","","0"
"2017-05","Canada","2016A000011124","Oats","Tonnes","288","units","0","v32861684","7.5","92779","","","","0"
"2017-06","Canada","2016A000011124","Oats","Tonnes","288","units","0","v32861684","7.5","161868","","","","0"
"2017-07","Canada","2016A000011124","Oats","Tonnes","288","units","0","v32861684","7.5","111154","","","","0"
"2017-08","Canada","2016A000011124","Oats","Tonnes","288","units","0","v32861684","7.5","345045","","","","0"
"2017-09","Canada","2016A000011124","Oats","Tonnes","288","units","0","v32861684","7.5","284322","","","","0"
"2017-10","Canada","2016A000011124","Oats","Tonnes","288","units","0","v32861684","7.5","213942","","","","0"
"2017-11","Canada","2016A000011124","Oats","Tonnes","288","units","0","v32861684","7.5","254604","","","","0"
"2017-12","Canada","2016A000011124","Oats","Tonnes","288","units","0","v32861684","7.5","169682","","","","0"
"2018-01","Canada","2016A000011124","Oats","Tonnes","288","units","0","v32861684","7.5","245841","","","","0"
"2018-02","Canada","2016A000011124","Oats","Tonnes","288","units","0","v32861684","7.5","180429","","","","0"
"2018-03","Canada","2016A000011124","Oats","Tonnes","288","units","0","v32861684","7.5","167797","","","","0"
"2018-04","Canada","2016A000011124","Oats","Tonnes","288","units","0","v32861684","7.5","188866","","","","0"
"2018-05","Canada","2016A000011124","Oats","Tonnes","288","units","0","v32861684","7.5","149893","","","","0"
"2018-06","Canada","2016A000011124","Oats","Tonnes","288","units","0","v32861684","7.5","192899","","","","0"
"2018-07","Canada","2016A000011124","Oats","Tonnes","288","units","0","v32861684","7.5","170906","","","","0"
"2018-08","Canada","2016A000011124","Oats","Tonnes","288","units","0","v32861684","7.5","332490","","","","0"
"2018-09","Canada","2016A000011124","Oats","Tonnes","288","units","0","v32861684","7.5","263041","","","","0"
"2018-10","Canada","2016A000011124","Oats","Tonnes","288","units","0","v32861684","7.5","215293","","","","0"
"2018-11","Canada","2016A000011124","Oats","Tonnes","288","units","0","v32861684","7.5","298728","","","","0"
"2018-12","Canada","2016A000011124","Oats","Tonnes","288","units","0","v32861684","7.5","158600","","","","0"
"2019-01","Canada","2016A000011124","Oats","Tonnes","288","units","0","v32861684","7.5","242063","","","","0"
"2019-02","Canada","2016A000011124","Oats","Tonnes","288","units","0","v32861684","7.5","176442","","","","0"
"2019-03","Canada","2016A000011124","Oats","Tonnes","288","units","0","v32861684","7.5","187676","","","","0"
"2019-04","Canada","2016A000011124","Oats","Tonnes","288","units","0","v32861684","7.5","183743","","","","0"
"2019-05","Canada","2016A000011124","Oats","Tonnes","288","units","0","v32861684","7.5","188972","","","","0"
"2019-06","Canada","2016A000011124","Oats","Tonnes","288","units","0","v32861684","7.5","131635","","","","0"
"2019-07","Canada","2016A000011124","Oats","Tonnes","288","units","0","v32861684","7.5","128123","","","","0"
"2019-08","Canada","2016A000011124","Oats","Tonnes","288","units","0","v32861684","7.5","226454","","","","0"
"2019-09","Canada","2016A000011124","Oats","Tonnes","288","units","0","v32861684","7.5","381924","","","","0"
"2019-10","Canada","2016A000011124","Oats","Tonnes","288","units","0","v32861684","7.5","407239","","","","0"
"2019-11","Canada","2016A000011124","Oats","Tonnes","288","units","0","v32861684","7.5","225418","","","","0"
"2019-12","Canada","2016A000011124","Oats","Tonnes","288","units","0","v32861684","7.5","312970","","","","0"
"2020-01","Canada","2016A000011124","Oats","Tonnes","288","units","0","v32861684","7.5","197659","","","","0"
"2020-02","Canada","2016A000011124","Oats","Tonnes","288","units","0","v32861684","7.5","196764","","","","0"
"2015-02","Canada","2016A000011124","Barley","Tonnes","288","units","0","v32861685","7.6","352352","","","","0"
"2015-03","Canada","2016A000011124","Barley","Tonnes","288","units","0","v32861685","7.6","297977","","","","0"
"2015-04","Canada","2016A000011124","Barley","Tonnes","288","units","0","v32861685","7.6","299463","","","","0"
"2015-05","Canada","2016A000011124","Barley","Tonnes","288","units","0","v32861685","7.6","267514","","","","0"
"2015-06","Canada","2016A000011124","Barley","Tonnes","288","units","0","v32861685","7.6","270475","","","","0"
"2015-07","Canada","2016A000011124","Barley","Tonnes","288","units","0","v32861685","7.6","309153","","","","0"
"2015-08","Canada","2016A000011124","Barley","Tonnes","288","units","0","v32861685","7.6","163950","","","","0"
"2015-09","Canada","2016A000011124","Barley","Tonnes","288","units","0","v32861685","7.6","285627","","","","0"
"2015-10","Canada","2016A000011124","Barley","Tonnes","288","units","0","v32861685","7.6","314630","","","","0"
"2015-11","Canada","2016A000011124","Barley","Tonnes","288","units","0","v32861685","7.6","297846","","","","0"
"2015-12","Canada","2016A000011124","Barley","Tonnes","288","units","0","v32861685","7.6","328279","","","","0"
"2016-01","Canada","2016A000011124","Barley","Tonnes","288","units","0","v32861685","7.6","287390","","","","0"
"2016-02","Canada","2016A000011124","Barley","Tonnes","288","units","0","v32861685","7.6","316247","","","","0"
"2016-03","Canada","2016A000011124","Barley","Tonnes","288","units","0","v32861685","7.6","355640","","","","0"
"2016-04","Canada","2016A000011124","Barley","Tonnes","288","units","0","v32861685","7.6","243640","","","","0"
"2016-05","Canada","2016A000011124","Barley","Tonnes","288","units","0","v32861685","7.6","232641","","","","0"
"2016-06","Canada","2016A000011124","Barley","Tonnes","288","units","0","v32861685","7.6","202588","","","","0"
"2016-07","Canada","2016A000011124","Barley","Tonnes","288","units","0","v32861685","7.6","201775","","","","0"
"2016-08","Canada","2016A000011124","Barley","Tonnes","288","units","0","v32861685","7.6","192621","","","","0"
"2016-09","Canada","2016A000011124","Barley","Tonnes","288","units","0","v32861685","7.6","280832","","","","0"
"2016-10","Canada","2016A000011124","Barley","Tonnes","288","units","0","v32861685","7.6","258862","","","","0"
"2016-11","Canada","2016A000011124","Barley","Tonnes","288","units","0","v32861685","7.6","350432","","","","0"
"2016-12","Canada","2016A000011124","Barley","Tonnes","288","units","0","v32861685","7.6","186992","","","","0"
"2017-01","Canada","2016A000011124","Barley","Tonnes","288","units","0","v32861685","7.6","264650","","","","0"
"2017-02","Canada","2016A000011124","Barley","Tonnes","288","units","0","v32861685","7.6","276856","","","","0"
"2017-03","Canada","2016A000011124","Barley","Tonnes","288","units","0","v32861685","7.6","347509","","","","0"
"2017-04","Canada","2016A000011124","Barley","Tonnes","288","units","0","v32861685","7.6","282682","","","","0"
"2017-05","Canada","2016A000011124","Barley","Tonnes","288","units","0","v32861685","7.6","206101","","","","0"
"2017-06","Canada","2016A000011124","Barley","Tonnes","288","units","0","v32861685","7.6","435882","","","","0"
"2017-07","Canada","2016A000011124","Barley","Tonnes","288","units","0","v32861685","7.6","289893","","","","0"
"2017-08","Canada","2016A000011124","Barley","Tonnes","288","units","0","v32861685","7.6","253793","","","","0"
"2017-09","Canada","2016A000011124","Barley","Tonnes","288","units","0","v32861685","7.6","290719","","","","0"
"2017-10","Canada","2016A000011124","Barley","Tonnes","288","units","0","v32861685","7.6","312583","","","","0"
"2017-11","Canada","2016A000011124","Barley","Tonnes","288","units","0","v32861685","7.6","422918","","","","0"
"2017-12","Canada","2016A000011124","Barley","Tonnes","288","units","0","v32861685","7.6","220343","","","","0"
"2018-01","Canada","2016A000011124","Barley","Tonnes","288","units","0","v32861685","7.6","508281","","","","0"
"2018-02","Canada","2016A000011124","Barley","Tonnes","288","units","0","v32861685","7.6","326255","","","","0"
"2018-03","Canada","2016A000011124","Barley","Tonnes","288","units","0","v32861685","7.6","298681","","","","0"
"2018-04","Canada","2016A000011124","Barley","Tonnes","288","units","0","v32861685","7.6","322518","","","","0"
"2018-05","Canada","2016A000011124","Barley","Tonnes","288","units","0","v32861685","7.6","196337","","","","0"
"2018-06","Canada","2016A000011124","Barley","Tonnes","288","units","0","v32861685","7.6","226095","","","","0"
"2018-07","Canada","2016A000011124","Barley","Tonnes","288","units","0","v32861685","7.6","188063","","","","0"
"2018-08","Canada","2016A000011124","Barley","Tonnes","288","units","0","v32861685","7.6","356989","","","","0"
"2018-09","Canada","2016A000011124","Barley","Tonnes","288","units","0","v32861685","7.6","351282","","","","0"
"2018-10","Canada","2016A000011124","Barley","Tonnes","288","units","0","v32861685","7.6","329114","","","","0"
"2018-11","Canada","2016A000011124","Barley","Tonnes","288","units","0","v32861685","7.6","449551","","","","0"
"2018-12","Canada","2016A000011124","Barley","Tonnes","288","units","0","v32861685","7.6","329536","","","","0"
"2019-01","Canada","2016A000011124","Barley","Tonnes","288","units","0","v32861685","7.6","479052","","","","0"
"2019-02","Canada","2016A000011124","Barley","Tonnes","288","units","0","v32861685","7.6","372404","","","","0"
"2019-03","Canada","2016A000011124","Barley","Tonnes","288","units","0","v32861685","7.6","271825","","","","0"
"2019-04","Canada","2016A000011124","Barley","Tonnes","288","units","0","v32861685","7.6","265701","","","","0"
"2019-05","Canada","2016A000011124","Barley","Tonnes","288","units","0","v32861685","7.6","252352","","","","0"
"2019-06","Canada","2016A000011124","Barley","Tonnes","288","units","0","v32861685","7.6","204921","","","","0"
"2019-07","Canada","2016A000011124","Barley","Tonnes","288","units","0","v32861685","7.6","182764","","","","0"
"2019-08","Canada","2016A000011124","Barley","Tonnes","288","units","0","v32861685","7.6","241893","","","","0"
"2019-09","Canada","2016A000011124","Barley","Tonnes","288","units","0","v32861685","7.6","408278","","","","0"
"2019-10","Canada","2016A000011124","Barley","Tonnes","288","units","0","v32861685","7.6","548576","","","","0"
"2019-11","Canada","2016A000011124","Barley","Tonnes","288","units","0","v32861685","7.6","462715","","","","0"
"2019-12","Canada","2016A000011124","Barley","Tonnes","288","units","0","v32861685","7.6","451117","","","","0"
"2020-01","Canada","2016A000011124","Barley","Tonnes","288","units","0","v32861685","7.6","336023","","","","0"
"2020-02","Canada","2016A000011124","Barley","Tonnes","288","units","0","v32861685","7.6","350329","","","","0"
"2015-02","Canada","2016A000011124","Rye","Tonnes","288","units","0","v91706342","7.7","6979","","","","0"
"2015-03","Canada","2016A000011124","Rye","Tonnes","288","units","0","v91706342","7.7","8544","","","","0"
"2015-04","Canada","2016A000011124","Rye","Tonnes","288","units","0","v91706342","7.7","6266","","","","0"
"2015-05","Canada","2016A000011124","Rye","Tonnes","288","units","0","v91706342","7.7","4838","","","","0"
"2015-06","Canada","2016A000011124","Rye","Tonnes","288","units","0","v91706342","7.7","6672","","","","0"
"2015-07","Canada","2016A000011124","Rye","Tonnes","288","units","0","v91706342","7.7","4909","","","","0"
"2015-08","Canada","2016A000011124","Rye","Tonnes","288","units","0","v91706342","7.7","21398","","","","0"
"2015-09","Canada","2016A000011124","Rye","Tonnes","288","units","0","v91706342","7.7","23353","","","","0"
"2015-10","Canada","2016A000011124","Rye","Tonnes","288","units","0","v91706342","7.7","11601","","","","0"
"2015-11","Canada","2016A000011124","Rye","Tonnes","288","units","0","v91706342","7.7","7506","","","","0"
"2015-12","Canada","2016A000011124","Rye","Tonnes","288","units","0","v91706342","7.7","6564","","","","0"
"2016-01","Canada","2016A000011124","Rye","Tonnes","288","units","0","v91706342","7.7","6531","","","","0"
"2016-02","Canada","2016A000011124","Rye","Tonnes","288","units","0","v91706342","7.7","11469","","","","0"
"2016-03","Canada","2016A000011124","Rye","Tonnes","288","units","0","v91706342","7.7","9947","","","","0"
"2016-04","Canada","2016A000011124","Rye","Tonnes","288","units","0","v91706342","7.7","8699","","","","0"
"2016-05","Canada","2016A000011124","Rye","Tonnes","288","units","0","v91706342","7.7","5837","","","","0"
"2016-06","Canada","2016A000011124","Rye","Tonnes","288","units","0","v91706342","7.7","7025","","","","0"
"2016-07","Canada","2016A000011124","Rye","Tonnes","288","units","0","v91706342","7.7","7624","","","","0"
"2016-08","Canada","2016A000011124","Rye","Tonnes","288","units","0","v91706342","7.7","31334","","","","0"
"2016-09","Canada","2016A000011124","Rye","Tonnes","288","units","0","v91706342","7.7","28500","","","","0"
"2016-10","Canada","2016A000011124","Rye","Tonnes","288","units","0","v91706342","7.7","20260","","","","0"
"2016-11","Canada","2016A000011124","Rye","Tonnes","288","units","0","v91706342","7.7","23721","","","","0"
"2016-12","Canada","2016A000011124","Rye","Tonnes","288","units","0","v91706342","7.7","7349","","","","0"
"2017-01","Canada","2016A000011124","Rye","Tonnes","288","units","0","v91706342","7.7","9385","","","","0"
"2017-02","Canada","2016A000011124","Rye","Tonnes","288","units","0","v91706342","7.7","5500","","","","0"
"2017-03","Canada","2016A000011124","Rye","Tonnes","288","units","0","v91706342","7.7","11188","","","","0"
"2017-04","Canada","2016A000011124","Rye","Tonnes","288","units","0","v91706342","7.7","4900","","","","0"
"2017-05","Canada","2016A000011124","Rye","Tonnes","288","units","0","v91706342","7.7","10261","","","","0"
"2017-06","Canada","2016A000011124","Rye","Tonnes","288","units","0","v91706342","7.7","25462","","","","0"
"2017-07","Canada","2016A000011124","Rye","Tonnes","288","units","0","v91706342","7.7","19500","","","","0"
"2017-08","Canada","2016A000011124","Rye","Tonnes","288","units","0","v91706342","7.7","31994","","","","0"
"2017-09","Canada","2016A000011124","Rye","Tonnes","288","units","0","v91706342","7.7","24401","","","","0"
"2017-10","Canada","2016A000011124","Rye","Tonnes","288","units","0","v91706342","7.7","13425","","","","0"
"2017-11","Canada","2016A000011124","Rye","Tonnes","288","units","0","v91706342","7.7","12829","","","","0"
"2017-12","Canada","2016A000011124","Rye","Tonnes","288","units","0","v91706342","7.7","11058","","","","0"
"2018-01","Canada","2016A000011124","Rye","Tonnes","288","units","0","v91706342","7.7","22526","","","","0"
"2018-02","Canada","2016A000011124","Rye","Tonnes","288","units","0","v91706342","7.7","17809","","","","0"
"2018-03","Canada","2016A000011124","Rye","Tonnes","288","units","0","v91706342","7.7","13893","","","","0"
"2018-04","Canada","2016A000011124","Rye","Tonnes","288","units","0","v91706342","7.7","23726","","","","0"
"2018-05","Canada","2016A000011124","Rye","Tonnes","288","units","0","v91706342","7.7","31748","","","","0"
"2018-06","Canada","2016A000011124","Rye","Tonnes","288","units","0","v91706342","7.7","20521","","","","0"
"2018-07","Canada","2016A000011124","Rye","Tonnes","288","units","0","v91706342","7.7","21500","","","","0"
"2018-08","Canada","2016A000011124","Rye","Tonnes","288","units","0","v91706342","7.7","40571","","","","0"
"2018-09","Canada","2016A000011124","Rye","Tonnes","288","units","0","v91706342","7.7","25589","","","","0"
"2018-10","Canada","2016A000011124","Rye","Tonnes","288","units","0","v91706342","7.7","14981","","","","0"
"2018-11","Canada","2016A000011124","Rye","Tonnes","288","units","0","v91706342","7.7","8378","","","","0"
"2018-12","Canada","2016A000011124","Rye","Tonnes","288","units","0","v91706342","7.7","7780","","","","0"
"2019-01","Canada","2016A000011124","Rye","Tonnes","288","units","0","v91706342","7.7","24728","","","","0"
"2019-02","Canada","2016A000011124","Rye","Tonnes","288","units","0","v91706342","7.7","13700","","","","0"
"2019-03","Canada","2016A000011124","Rye","Tonnes","288","units","0","v91706342","7.7","3500","","","","0"
"2019-04","Canada","2016A000011124","Rye","Tonnes","288","units","0","v91706342","7.7","6700","","","","0"
"2019-05","Canada","2016A000011124","Rye","Tonnes","288","units","0","v91706342","7.7","4100","","","","0"
"2019-06","Canada","2016A000011124","Rye","Tonnes","288","units","0","v91706342","7.7","3672","","","","0"
"2019-07","Canada","2016A000011124","Rye","Tonnes","288","units","0","v91706342","7.7","2862","","","","0"
"2019-08","Canada","2016A000011124","Rye","Tonnes","288","units","0","v91706342","7.7","71927","","","","0"
"2019-09","Canada","2016A000011124","Rye","Tonnes","288","units","0","v91706342","7.7","27025","","","","0"
"2019-10","Canada","2016A000011124","Rye","Tonnes","288","units","0","v91706342","7.7","13001","","","","0"
"2019-11","Canada","2016A000011124","Rye","Tonnes","288","units","0","v91706342","7.7","9089","","","","0"
"2019-12","Canada","2016A000011124","Rye","Tonnes","288","units","0","v91706342","7.7","13248","","","","0"
"2020-01","Canada","2016A000011124","Rye","Tonnes","288","units","0","v91706342","7.7","9683","","","","0"
"2020-02","Canada","2016A000011124","Rye","Tonnes","288","units","0","v91706342","7.7","12819","","","","0"
"2015-02","Canada","2016A000011124","Flaxseed","Tonnes","288","units","0","v32861686","7.8","57290","","","","0"
"2015-03","Canada","2016A000011124","Flaxseed","Tonnes","288","units","0","v32861686","7.8","56092","","","","0"
"2015-04","Canada","2016A000011124","Flaxseed","Tonnes","288","units","0","v32861686","7.8","51141","","","","0"
"2015-05","Canada","2016A000011124","Flaxseed","Tonnes","288","units","0","v32861686","7.8","27102","","","","0"
"2015-06","Canada","2016A000011124","Flaxseed","Tonnes","288","units","0","v32861686","7.8","27018","","","","0"
"2015-07","Canada","2016A000011124","Flaxseed","Tonnes","288","units","0","v32861686","7.8","29590","","","","0"
"2015-08","Canada","2016A000011124","Flaxseed","Tonnes","288","units","0","v32861686","7.8","16124","","","","0"
"2015-09","Canada","2016A000011124","Flaxseed","Tonnes","288","units","0","v32861686","7.8","36476","","","","0"
"2015-10","Canada","2016A000011124","Flaxseed","Tonnes","288","units","0","v32861686","7.8","81850","","","","0"
"2015-11","Canada","2016A000011124","Flaxseed","Tonnes","288","units","0","v32861686","7.8","90008","","","","0"
"2015-12","Canada","2016A000011124","Flaxseed","Tonnes","288","units","0","v32861686","7.8","67752","","","","0"
"2016-01","Canada","2016A000011124","Flaxseed","Tonnes","288","units","0","v32861686","7.8","39400","","","","0"
"2016-02","Canada","2016A000011124","Flaxseed","Tonnes","288","units","0","v32861686","7.8","44079","","","","0"
"2016-03","Canada","2016A000011124","Flaxseed","Tonnes","288","units","0","v32861686","7.8","64005","","","","0"
"2016-04","Canada","2016A000011124","Flaxseed","Tonnes","288","units","0","v32861686","7.8","41421","","","","0"
"2016-05","Canada","2016A000011124","Flaxseed","Tonnes","288","units","0","v32861686","7.8","44281","","","","0"
"2016-06","Canada","2016A000011124","Flaxseed","Tonnes","288","units","0","v32861686","7.8","72971","","","","0"
"2016-07","Canada","2016A000011124","Flaxseed","Tonnes","288","units","0","v32861686","7.8","53707","","","","0"
"2016-08","Canada","2016A000011124","Flaxseed","Tonnes","288","units","0","v32861686","7.8","36249","","","","0"
"2016-09","Canada","2016A000011124","Flaxseed","Tonnes","288","units","0","v32861686","7.8","18317","","","","0"
"2016-10","Canada","2016A000011124","Flaxseed","Tonnes","288","units","0","v32861686","7.8","23148","","","","0"
"2016-11","Canada","2016A000011124","Flaxseed","Tonnes","288","units","0","v32861686","7.8","46171","","","","0"
"2016-12","Canada","2016A000011124","Flaxseed","Tonnes","288","units","0","v32861686","7.8","69251","","","","0"
"2017-01","Canada","2016A000011124","Flaxseed","Tonnes","288","units","0","v32861686","7.8","71179","","","","0"
"2017-02","Canada","2016A000011124","Flaxseed","Tonnes","288","units","0","v32861686","7.8","26888","","","","0"
"2017-03","Canada","2016A000011124","Flaxseed","Tonnes","288","units","0","v32861686","7.8","15544","","","","0"
"2017-04","Canada","2016A000011124","Flaxseed","Tonnes","288","units","0","v32861686","7.8","31436","","","","0"
"2017-05","Canada","2016A000011124","Flaxseed","Tonnes","288","units","0","v32861686","7.8","22608","","","","0"
"2017-06","Canada","2016A000011124","Flaxseed","Tonnes","288","units","0","v32861686","7.8","33276","","","","0"
"2017-07","Canada","2016A000011124","Flaxseed","Tonnes","288","units","0","v32861686","7.8","25749","","","","0"
"2017-08","Canada","2016A000011124","Flaxseed","Tonnes","288","units","0","v32861686","7.8","23721","","","","0"
"2017-09","Canada","2016A000011124","Flaxseed","Tonnes","288","units","0","v32861686","7.8","26336","","","","0"
"2017-10","Canada","2016A000011124","Flaxseed","Tonnes","288","units","0","v32861686","7.8","53034","","","","0"
"2017-11","Canada","2016A000011124","Flaxseed","Tonnes","288","units","0","v32861686","7.8","82140","","","","0"
"2017-12","Canada","2016A000011124","Flaxseed","Tonnes","288","units","0","v32861686","7.8","40379","","","","0"
"2018-01","Canada","2016A000011124","Flaxseed","Tonnes","288","units","0","v32861686","7.8","37440","","","","0"
"2018-02","Canada","2016A000011124","Flaxseed","Tonnes","288","units","0","v32861686","7.8","23961","","","","0"
"2018-03","Canada","2016A000011124","Flaxseed","Tonnes","288","units","0","v32861686","7.8","29582","","","","0"
"2018-04","Canada","2016A000011124","Flaxseed","Tonnes","288","units","0","v32861686","7.8","47807","","","","0"
"2018-05","Canada","2016A000011124","Flaxseed","Tonnes","288","units","0","v32861686","7.8","44437","","","","0"
"2018-06","Canada","2016A000011124","Flaxseed","Tonnes","288","units","0","v32861686","7.8","70772","","","","0"
"2018-07","Canada","2016A000011124","Flaxseed","Tonnes","288","units","0","v32861686","7.8","49100","","","","0"
"2018-08","Canada","2016A000011124","Flaxseed","Tonnes","288","units","0","v32861686","7.8","19428","","","","0"
"2018-09","Canada","2016A000011124","Flaxseed","Tonnes","288","units","0","v32861686","7.8","16393","","","","0"
"2018-10","Canada","2016A000011124","Flaxseed","Tonnes","288","units","0","v32861686","7.8","38790","","","","0"
"2018-11","Canada","2016A000011124","Flaxseed","Tonnes","288","units","0","v32861686","7.8","57461","","","","0"
"2018-12","Canada","2016A000011124","Flaxseed","Tonnes","288","units","0","v32861686","7.8","32114","","","","0"
"2019-01","Canada","2016A000011124","Flaxseed","Tonnes","288","units","0","v32861686","7.8","43888","","","","0"
"2019-02","Canada","2016A000011124","Flaxseed","Tonnes","288","units","0","v32861686","7.8","31326","","","","0"
"2019-03","Canada","2016A000011124","Flaxseed","Tonnes","288","units","0","v32861686","7.8","39792","","","","0"
"2019-04","Canada","2016A000011124","Flaxseed","Tonnes","288","units","0","v32861686","7.8","53805","","","","0"
"2019-05","Canada","2016A000011124","Flaxseed","Tonnes","288","units","0","v32861686","7.8","47151","","","","0"
"2019-06","Canada","2016A000011124","Flaxseed","Tonnes","288","units","0","v32861686","7.8","23238","","","","0"
"2019-07","Canada","2016A000011124","Flaxseed","Tonnes","288","units","0","v32861686","7.8","19163","","","","0"
"2019-08","Canada","2016A000011124","Flaxseed","Tonnes","288","units","0","v32861686","7.8","8868","","","","0"
"2019-09","Canada","2016A000011124","Flaxseed","Tonnes","288","units","0","v32861686","7.8","10636","","","","0"
"2019-10","Canada","2016A000011124","Flaxseed","Tonnes","288","units","0","v32861686","7.8","42061","","","","0"
"2019-11","Canada","2016A000011124","Flaxseed","Tonnes","288","units","0","v32861686","7.8","59651","","","","0"
"2019-12","Canada","2016A000011124","Flaxseed","Tonnes","288","units","0","v32861686","7.8","32614","","","","0"
"2020-01","Canada","2016A000011124","Flaxseed","Tonnes","288","units","0","v32861686","7.8","26750","","","","0"
"2020-02","Canada","2016A000011124","Flaxseed","Tonnes","288","units","0","v32861686","7.8","24023","","","","0"
"2015-02","Canada","2016A000011124","Canola (rapeseed)","Tonnes","288","units","0","v32861687","7.9","1162527","","","","0"
"2015-03","Canada","2016A000011124","Canola (rapeseed)","Tonnes","288","units","0","v32861687","7.9","1804275","","","","0"
"2015-04","Canada","2016A000011124","Canola (rapeseed)","Tonnes","288","units","0","v32861687","7.9","1269729","","","","0"
"2015-05","Canada","2016A000011124","Canola (rapeseed)","Tonnes","288","units","0","v32861687","7.9","1156210","","","","0"
"2015-06","Canada","2016A000011124","Canola (rapeseed)","Tonnes","288","units","0","v32861687","7.9","1414032","","","","0"
"2015-07","Canada","2016A000011124","Canola (rapeseed)","Tonnes","288","units","0","v32861687","7.9","1494860","","","","0"
"2015-08","Canada","2016A000011124","Canola (rapeseed)","Tonnes","288","units","0","v32861687","7.9","921308","","","","0"
"2015-09","Canada","2016A000011124","Canola (rapeseed)","Tonnes","288","units","0","v32861687","7.9","2185899","","","","0"
"2015-10","Canada","2016A000011124","Canola (rapeseed)","Tonnes","288","units","0","v32861687","7.9","1591272","","","","0"
"2015-11","Canada","2016A000011124","Canola (rapeseed)","Tonnes","288","units","0","v32861687","7.9","1330183","","","","0"
"2015-12","Canada","2016A000011124","Canola (rapeseed)","Tonnes","288","units","0","v32861687","7.9","1674987","","","","0"
"2016-01","Canada","2016A000011124","Canola (rapeseed)","Tonnes","288","units","0","v32861687","7.9","1392769","","","","0"
"2016-02","Canada","2016A000011124","Canola (rapeseed)","Tonnes","288","units","0","v32861687","7.9","1544152","","","","0"
"2016-03","Canada","2016A000011124","Canola (rapeseed)","Tonnes","288","units","0","v32861687","7.9","1721306","","","","0"
"2016-04","Canada","2016A000011124","Canola (rapeseed)","Tonnes","288","units","0","v32861687","7.9","1518608","","","","0"
"2016-05","Canada","2016A000011124","Canola (rapeseed)","Tonnes","288","units","0","v32861687","7.9","1185480","","","","0"
"2016-06","Canada","2016A000011124","Canola (rapeseed)","Tonnes","288","units","0","v32861687","7.9","1666177","","","","0"
"2016-07","Canada","2016A000011124","Canola (rapeseed)","Tonnes","288","units","0","v32861687","7.9","1445115","","","","0"
"2016-08","Canada","2016A000011124","Canola (rapeseed)","Tonnes","288","units","0","v32861687","7.9","1161921","","","","0"
"2016-09","Canada","2016A000011124","Canola (rapeseed)","Tonnes","288","units","0","v32861687","7.9","2294525","","","","0"
"2016-10","Canada","2016A000011124","Canola (rapeseed)","Tonnes","288","units","0","v32861687","7.9","1653720","","","","0"
"2016-11","Canada","2016A000011124","Canola (rapeseed)","Tonnes","288","units","0","v32861687","7.9","2274493","","","","0"
"2016-12","Canada","2016A000011124","Canola (rapeseed)","Tonnes","288","units","0","v32861687","7.9","1629472","","","","0"
"2017-01","Canada","2016A000011124","Canola (rapeseed)","Tonnes","288","units","0","v32861687","7.9","1708962","","","","0"
"2017-02","Canada","2016A000011124","Canola (rapeseed)","Tonnes","288","units","0","v32861687","7.9","1540153","","","","0"
"2017-03","Canada","2016A000011124","Canola (rapeseed)","Tonnes","288","units","0","v32861687","7.9","1854168","","","","0"
"2017-04","Canada","2016A000011124","Canola (rapeseed)","Tonnes","288","units","0","v32861687","7.9","1536335","","","","0"
"2017-05","Canada","2016A000011124","Canola (rapeseed)","Tonnes","288","units","0","v32861687","7.9","1055931","","","","0"
"2017-06","Canada","2016A000011124","Canola (rapeseed)","Tonnes","288","units","0","v32861687","7.9","1802158","","","","0"
"2017-07","Canada","2016A000011124","Canola (rapeseed)","Tonnes","288","units","0","v32861687","7.9","1346419","","","","0"
"2017-08","Canada","2016A000011124","Canola (rapeseed)","Tonnes","288","units","0","v32861687","7.9","1116084","","","","0"
"2017-09","Canada","2016A000011124","Canola (rapeseed)","Tonnes","288","units","0","v32861687","7.9","2493682","","","","0"
"2017-10","Canada","2016A000011124","Canola (rapeseed)","Tonnes","288","units","0","v32861687","7.9","1791329","","","","0"
"2017-11","Canada","2016A000011124","Canola (rapeseed)","Tonnes","288","units","0","v32861687","7.9","2001719","","","","0"
"2017-12","Canada","2016A000011124","Canola (rapeseed)","Tonnes","288","units","0","v32861687","7.9","1644335","","","","0"
"2018-01","Canada","2016A000011124","Canola (rapeseed)","Tonnes","288","units","0","v32861687","7.9","1671657","","","","0"
"2018-02","Canada","2016A000011124","Canola (rapeseed)","Tonnes","288","units","0","v32861687","7.9","1278880","","","","0"
"2018-03","Canada","2016A000011124","Canola (rapeseed)","Tonnes","288","units","0","v32861687","7.9","1649573","","","","0"
"2018-04","Canada","2016A000011124","Canola (rapeseed)","Tonnes","288","units","0","v32861687","7.9","1431144","","","","0"
"2018-05","Canada","2016A000011124","Canola (rapeseed)","Tonnes","288","units","0","v32861687","7.9","1496266","","","","0"
"2018-06","Canada","2016A000011124","Canola (rapeseed)","Tonnes","288","units","0","v32861687","7.9","1599471","","","","0"
"2018-07","Canada","2016A000011124","Canola (rapeseed)","Tonnes","288","units","0","v32861687","7.9","1168409","","","","0"
"2018-08","Canada","2016A000011124","Canola (rapeseed)","Tonnes","288","units","0","v32861687","7.9","1113251","","","","0"
"2018-09","Canada","2016A000011124","Canola (rapeseed)","Tonnes","288","units","0","v32861687","7.9","1801695","","","","0"
"2018-10","Canada","2016A000011124","Canola (rapeseed)","Tonnes","288","units","0","v32861687","7.9","2202091","","","","0"
"2018-11","Canada","2016A000011124","Canola (rapeseed)","Tonnes","288","units","0","v32861687","7.9","1864211","","","","0"
"2018-12","Canada","2016A000011124","Canola (rapeseed)","Tonnes","288","units","0","v32861687","7.9","1380756","","","","0"
"2019-01","Canada","2016A000011124","Canola (rapeseed)","Tonnes","288","units","0","v32861687","7.9","1737194","","","","0"
"2019-02","Canada","2016A000011124","Canola (rapeseed)","Tonnes","288","units","0","v32861687","7.9","1270277","","","","0"
"2019-03","Canada","2016A000011124","Canola (rapeseed)","Tonnes","288","units","0","v32861687","7.9","1226282","","","","0"
"2019-04","Canada","2016A000011124","Canola (rapeseed)","Tonnes","288","units","0","v32861687","7.9","1346225","","","","0"
"2019-05","Canada","2016A000011124","Canola (rapeseed)","Tonnes","288","units","0","v32861687","7.9","1589912","","","","0"
"2019-06","Canada","2016A000011124","Canola (rapeseed)","Tonnes","288","units","0","v32861687","7.9","1506630","","","","0"
"2019-07","Canada","2016A000011124","Canola (rapeseed)","Tonnes","288","units","0","v32861687","7.9","1650905","","","","0"
"2019-08","Canada","2016A000011124","Canola (rapeseed)","Tonnes","288","units","0","v32861687","7.9","1281508","","","","0"
"2019-09","Canada","2016A000011124","Canola (rapeseed)","Tonnes","288","units","0","v32861687","7.9","1294262","","","","0"
"2019-10","Canada","2016A000011124","Canola (rapeseed)","Tonnes","288","units","0","v32861687","7.9","2704122","","","","0"
"2019-11","Canada","2016A000011124","Canola (rapeseed)","Tonnes","288","units","0","v32861687","7.9","1490431","","","","0"
"2019-12","Canada","2016A000011124","Canola (rapeseed)","Tonnes","288","units","0","v32861687","7.9","2046590","","","","0"
"2020-01","Canada","2016A000011124","Canola (rapeseed)","Tonnes","288","units","0","v32861687","7.9","1615929","","","","0"
"2020-02","Canada","2016A000011124","Canola (rapeseed)","Tonnes","288","units","0","v32861687","7.9","1445167","","","","0"


